{
  "eye": {
    "orientation": [
      0,
      0,
      0,
      1
    ],
    "magnitude": 0.5773502588272095,
    "position": [
      640,
      360,
      1914.0076904296875
    ]
  },
  "radius": 793.2212524414062,
  "type": "PERSPECTIVE"
}