{
  "eye": {
    "orientation": [
      -0.18406791985034943,
      0.17747701704502106,
      -0.0840606689453125,
      0.9630964398384094
    ],
    "magnitude": 0.5773502588272095,
    "position": [
      843.3155517578125,
      537.236572265625,
      773.575439453125
    ]
  },
  "radius": 793.2212524414062,
  "type": "PERSPECTIVE"
}